{
  "1mg": [
    "Saridon Advance Tablet for 5 in 1 Pain Relief - strip of 10 tablets - 43",
    "Saridon For Relief From Headache Tablet - strip of 10 tablets - 41.9",
    "New Saridon for Fast Headache Relief Tablet - strip of 10 tablets - 42.3",
    "Combo Pack of New Saridon for Fast Headache Relief Tablet (10) &amp; Crocin 650 Advance Tablet (15) - bottle of 2 tablets - 70.8",
    "Bayer Combo Pack of Supradyn Daily Multivitamin 15 Tablet &amp; Saridon Advance 10 Tablet - combo pack of 2 strips - 97",
    "Bayer Combo Pack of Supradyn Daily Multivitamin 15 Tablet &amp; Saridon 10 Tablet - combo pack of 2 strips - 96.3",
    "Self Care Kit (Supradyn, Saridon &amp; Becozym) - combo pack of 3 strips - 123"
  ],
  "Apollo": [
    "New Saridon for Fast Headache Relief, 10 Tablets - 46.5",
    "Saridon Advance Tablet 10\u2019s for 5 in 1 Pain Relief - 49",
    "Saridon Plus Tablet 10's - 46.5"
  ],
  "TrueMeds": [
    "Saridon Advance Tablet 10 - 39.20",
    "New Saridon Tablet 10 - 37.20",
    "Saridon Tablet 10 - 37.20"
  ],
  "PharmEasy": [
    "New Saridon Strip Of 10 Tablets - 46.50",
    "Saridon Advance Tablet For 5 In 1 Pain Relief - 49.00"
  ],
  "Netmeds": [
    "Saridon Advance Tablets for 5 in 1 Pain Relief 10's - 43.12",
    "Saridon Headache Relief Tablet 10's - 38.92",
    "SARIDON NEW Tablet 10's - 42.78"
  ]
}