{
  "Apollo: Dolo 500 Tablet 10's -": 10.0,
  "1mg: Dolo 500 Tablet - strip of 15 tablets -": 12.7,
  "1mg: Dolozer 75mg Injection - ampoule of 1 ml Injection -": 12.9,
  "NetMeds: Dolo 500mg Tablet 15'S -": 13.44,
  "1mg: Doloqueen 100mg/500mg Tablet - strip of 10 tablets -": 13.8,
  "Apollo: Dolo-500 Tablet 15's -": 14.5,
  "1mg: Doloprex 20mg Injection - vial of 2 ml Injection -": 23.0,
  "1mg: Dolo Drops - packet of 15 ml Oral Suspension -": 25.7,
  "1mg: Dolopar 650 Tablet - strip of 15 tablets -": 25.7,
  "1mg: Dololax 100mg Tablet - strip of 10 tablets -": 25.8,
  "1mg: Dolostat PC 100 mg/325 mg Tablet - strip of 10 tablets -": 25.9,
  "1mg: Dolo 650 Tablet - strip of 15 tablets -": 28.7,
  "NetMeds: Dolo 650 Tablet 15'S -": 29.9,
  "Apollo: Dolo Oral Drops 15 ml -": 30.0,
  "Apollo: Dolopar-650 Tablet 15's -": 30.0,
  "Apollo: Dolopar Tablet 10's -": 30.0,
  "PharmEasy: Dolo Drops -": 30.07,
  "NetMeds: Dolopar 650mg Tablet 15'S -": 30.07,
  "NetMeds: Dolopar Drops 15ml -": 30.07,
  "NetMeds: Dolo Drops 15ml -": 30.07,
  "1mg: Dolozak Tablet - strip of 10 tablets -": 33.1,
  "Apollo: Dolo-650 Tablet 15's -": 33.5,
  "PharmEasy: Dolo 650mg Strip Of 15 Tablets -": 33.6,
  "1mg: Dolo 120 Suspension - bottle of 60 ml Oral Suspension -": 34.3,
  "NetMeds: DOLOPAR 120 Suspension 60ml -": 36.29,
  "1mg: Dolo 1000mg Tablet - strip of 10 tablets -": 37.2,
  "Apollo: New Dolo-Cold Tablet 10's -": 38.0,
  "1mg: Dolo 250 Oral Suspension - bottle of 60 ml Oral Suspension -": 38.3,
  "NetMeds: Dolodart 120mg Suspension 60ml -": 39.65,
  "Apollo: Dolo 120 mg Suspension 60 ml -": 40.0,
  "NetMeds: Dolo 250mg Suspension 60ml -": 40.32,
  "NetMeds: Dolo 120mg Suspension 60ml -": 40.32,
  "NetMeds: DOLOPAR 250 Suspension 60ml -": 40.32,
  "1mg: Dolono 40mg Injection - vial of 2 ml Injection -": 41.4,
  "1mg: Dolo 156.25mg Suspension - bottle of 60 ml Suspension -": 43.4,
  "NetMeds: Dolodart DS Suspension 60ml -": 44.35,
  "Apollo: Dolo 250 Suspension 60 ml -": 45.0,
  "PharmEasy: Dolo 250mg Suspension 60ml -": 45.02,
  "Apollo: Dolo 156.25 mg Syrup 60 ml -": 51.0,
  "Apollo: Dolo Suspension 60 ml -": 51.0,
  "NetMeds: DOLO SUSP Suspension 60ml -": 51.0,
  "Apollo: Dolo-Mf Junior Suspension 60Ml -": 52.0,
  "1mg: Dolowin Tablet - strip of 10 tablets -": 52.8,
  "Apollo: Dolostat-SP Tablet 10's -": 54.0,
  "1mg: Dolo-MF Oral Suspension - bottle of 60 ml Oral Suspension -": 55.2,
  "1mg: Dolo-MF Junior Oral Suspension - bottle of 60 ml Oral Suspension -": 55.2,
  "1mg: Dolopar M DS Suspension - bottle of 60 ml Suspension -": 55.2,
  "Apollo: Dolo-Mf Susp 60ml -": 57.5,
  "Apollo: Dolopar Tablet 15's -": 58.0,
  "1mg: Dolokind Plus Tablet - strip of 15 tablets -": 63.0,
  "1mg: Dolobid 50mg/15mg Tablet - strip of 10 tablets -": 64.4,
  "Apollo: Dolokind Plus Tablet 15's -": 68.5,
  "PharmEasy: Dolokind Plus Strip Of 15 Tablets -": 68.51,
  "1mg: Dolokind Gel - tube of 20 gm Gel -": 72.0,
  "Apollo: Dolowin Plus Tablet 10's -": 75.0,
  "PharmEasy: Dolowin Plus Strip Of 10 Tablets -": 75.0,
  "PharmEasy: Dolokind Tube Of 20gm Gel -": 84.7,
  "1mg: Dologel-CT Gel - tube of 10 gm Dental Gel -": 89.2,
  "1mg: Dologel - bottle of 15 gm Dental Gel -": 92.7,
  "PharmEasy: Dologel Gel 15gm -": 99.25,
  "1mg: Dolowin-MR Tablet - strip of 10 tablets -": 102.0,
  "Apollo: Dologel CT Gel 10 gm -": 103.0,
  "Apollo: Dolowin MR Tablet 10's -": 106.0,
  "Apollo: Dologel 15 gm -": 109.0,
  "1mg: Dolocide MR Tablet - strip of 10 tablets -": 113.0,
  "1mg: Dolowin Forte Tablet - strip of 10 tablets -": 149.0,
  "1mg: Dolo TH 4 Tablet - strip of 10 tablets -": 182.0,
  "1mg: Doloxicam DT Tablet - strip of 15 tablet dt -": 189.0,
  "1mg: Dolonex DT 20mg Tablet - strip of 15 tablet dt -": 212.0,
  "Apollo: Dolonex DT 20 mg Tablet 15's -": 237.0,
  "PharmEasy: Dolonex Dt 20 Strip Of 15 Tablets -": 237.0,
  "1mg: Dolo 1000mg Infusion - bottle of 100 ml Infusion -": 247.0,
  "Apollo: Doloneuron-NT Capsule 10's -": 259.0,
  "1mg: Dologlan 1000mg Infusion - bottle of 100 ml Infusion -": 288.0,
  "Apollo: Dolo Infusion 100 ml -": 331.0
}