{
  "1mg": [
    "Dolo 650 Tablet - strip of 15 tablets - 28.7",
    "Dolo 500 Tablet - strip of 15 tablets - 12.7",
    "Dolo-MF Oral Suspension - bottle of 60 ml Oral Suspension - 55.2",
    "Dolo 120 Suspension - bottle of 60 ml Oral Suspension - 34.3",
    "Dolo 250 Oral Suspension - bottle of 60 ml Oral Suspension - 38.3",
    "Dolo-MF Junior Oral Suspension - bottle of 60 ml Oral Suspension - 55.2",
    "Dolo TH 4 Tablet - strip of 10 tablets - 182",
    "Dolo 1000mg Infusion - bottle of 100 ml Infusion - 247",
    "Dolo Drops - packet of 15 ml Oral Suspension - 25.7",
    "Dolo 1000mg Tablet - strip of 10 tablets - 37.2",
    "Dolo 156.25mg Suspension - bottle of 60 ml Suspension - 43.4",
    "Dolokind Gel - tube of 20 gm Gel - 72",
    "Dolopar 650 Tablet - strip of 15 tablets - 25.7",
    "Dologel-CT Gel - tube of 10 gm Dental Gel - 89.2",
    "Dologel - bottle of 15 gm Dental Gel - 92.7",
    "Dolonex DT 20mg Tablet - strip of 15 tablet dt - 212",
    "Dolokind Plus Tablet - strip of 15 tablets - 63",
    "Dolowin Forte Tablet - strip of 10 tablets - 149",
    "Dolopar M DS Suspension - bottle of 60 ml Suspension - 55.2",
    "Doloxicam DT Tablet - strip of 15 tablet dt - 189",
    "Dolozak Tablet - strip of 10 tablets - 33.1",
    "Dolocide MR Tablet - strip of 10 tablets - 113",
    "Dolobid 50mg/15mg Tablet - strip of 10 tablets - 64.4",
    "Doloqueen 100mg/500mg Tablet - strip of 10 tablets - 13.8",
    "Dololax 100mg Tablet - strip of 10 tablets - 25.8",
    "Dolono 40mg Injection - vial of 2 ml Injection - 41.4",
    "Doloprex 20mg Injection - vial of 2 ml Injection - 23",
    "Dologlan 1000mg Infusion - bottle of 100 ml Infusion - 288",
    "Dolozer 75mg Injection - ampoule of 1 ml Injection - 12.9",
    "Dolowin-MR Tablet - strip of 10 tablets - 102",
    "Dolostat PC 100 mg/325 mg Tablet - strip of 10 tablets - 25.9",
    "Dolowin Tablet - strip of 10 tablets - 52.8"
  ],
  "Apollo": [
    "Dolo-650 Tablet 15's - 33.5",
    "Dolo-500 Tablet 15's - 14.5",
    "Dolo 500 Tablet 10's - 10",
    "Dolo 120 mg Suspension 60 ml - 40",
    "Dolo 156.25 mg Syrup 60 ml - 51",
    "Dolo 250 Suspension 60 ml - 45",
    "New Dolo-Cold Tablet 10's - 38",
    "Dolonex DT 20 mg Tablet 15's - 237",
    "Dologel CT Gel 10 gm - 103",
    "Dolo Oral Drops 15 ml - 30",
    "Dolopar-650 Tablet 15's - 30",
    "Dologel 15 gm - 109",
    "Dolokind Plus Tablet 15's - 68.5",
    "Dolowin Plus Tablet 10's - 75",
    "Dolo Infusion 100 ml - 331",
    "Dolostat-SP Tablet 10's - 54",
    "Dolopar Tablet 15's - 58",
    "Dolopar Tablet 10's - 30",
    "Dolo Suspension 60 ml - 51",
    "Dolo-Mf Junior Suspension 60Ml - 52",
    "Dolo-Mf Susp 60ml - 57.5",
    "Dolowin MR Tablet 10's - 106",
    "Doloneuron-NT Capsule 10's - 259"
  ],
  "TrueMeds": [],
  "PharmEasy": [
    "Dolo 650mg Strip Of 15 Tablets - 33.60",
    "Dolo Drops - 30.07",
    "Dolokind Plus Strip Of 15 Tablets - 68.51",
    "Dologel Gel 15gm - 99.25",
    "Dolonex Dt 20 Strip Of 15 Tablets - 237.00",
    "Dolo 250mg Suspension 60ml - 45.02",
    "Dolowin Plus Strip Of 10 Tablets - 75.00",
    "Dolokind Tube Of 20gm Gel - 84.70"
  ],
  "Netmeds": [
    "Dolo 650 Tablet 15'S - 29.90",
    "Dolo 500mg Tablet 15'S - 13.44",
    "Dolo 250mg Suspension 60ml - 40.32",
    "Dolopar 650mg Tablet 15'S - 30.07",
    "Dolopar Drops 15ml - 30.07",
    "Dolo Drops 15ml - 30.07",
    "Dolo 120mg Suspension 60ml - 40.32",
    "Dolodart 120mg Suspension 60ml - 39.65",
    "Dolodart DS Suspension 60ml - 44.35",
    "DOLO SUSP Suspension 60ml - 51.00",
    "DOLOPAR 250 Suspension 60ml - 40.32",
    "DOLOPAR 120 Suspension 60ml - 36.29"
  ]
}